{"cameraMode":{"drawMode":0,"name":"Shaded","section":"Shading Mode"},"sceneLighting":false,"audioPlay":false,"sceneViewState":{"m_AlwaysRefresh":false,"showFog":true,"showSkybox":false,"showFlares":true,"showImageEffects":true,"showParticleSystems":true,"showVisualEffectGraphs":true,"m_FxEnabled":true},"in2DMode":false,"pivot":{"x":-0.026009023189544679,"y":0.8373852372169495,"z":0.04945008456707001},"rotation":{"x":-0.08557506650686264,"y":-0.05467459559440613,"z":0.004702732898294926,"w":-0.994819164276123},"size":1.3190113306045533,"orthographic":false}