{"cameraMode":{"drawMode":0,"name":"Shaded","section":"Shading Mode"},"sceneLighting":false,"audioPlay":false,"sceneViewState":{"m_AlwaysRefresh":false,"showFog":true,"showSkybox":false,"showFlares":true,"showImageEffects":true,"showParticleSystems":true,"showVisualEffectGraphs":true,"m_FxEnabled":true},"in2DMode":false,"pivot":{"x":-1.9869126081466675,"y":13.133548736572266,"z":13.172621726989746},"rotation":{"x":0.031140996143221856,"y":-0.05335269495844841,"z":-0.0016650501638650895,"w":-0.9980885982513428},"size":14.024078369140625,"orthographic":false}